player_name,p
Player_01,0.0020389
Player_02,0.0020389
Player_03,0.0020389
Player_04,0.0020389
Player_05,0.0020389
Player_06,0.0020389
Player_07,0.0020389
Player_08,0.0020389
Player_09,0.0020389
Player_10,0.0020389
Player_11,0.0020389
Player_12,0.0020389
Player_13,0.0020389
Player_14,0.0020389
Player_15,0.0020389
Player_16,0.0020389
Player_17,0.0020389
Player_18,0.0020389
